,Do Not Communicate,Communicate
0,7.366188877433344,8.959910809933424
1,8.999999999999911,7.999999999505905
2,0.0,0.0
3,0.0,0.0
4,0.0,0.0
