,Do Not Communicate,Communicate
0,7.912636413791537,8.957616588558166
1,8.999999999999911,7.999999999534818
2,0.0,0.0
3,0.0,0.0
4,0.0,0.0
