,Do Not Communicate,Communicate
0,7.9323498025704895,8.955893896208442
1,8.999999999999911,7.999999999553148
2,0.0,0.0
3,0.0,0.0
4,0.0,0.0
