,Do Not Communicate,Communicate
0,7.306696332967797,8.941239310940428
1,8.999999999999911,7.999999999619525
2,0.0,0.0
3,0.0,0.0
4,0.0,0.0
