,communicate,do not communcate
0,-3.0015569721869833,-23.803065805328202
1,0.9641337102058493,-160.1290959745934
2,6.931861462773721,12.508331926541269
3,3.2948767942203347,21.808420157905893
4,2.473181421804995,-26.71808561492179
5,-49.46349945943953,-40.102397890174075
6,1.6008320326650372,-145.62009526848544
7,0.0,-10.65353653343848
8,0.0,-203.15380419717653
9,0.0,28.094739949232878
10,0.0,23.413328213060268
11,0.0,-9.89901992
12,0.0,0.0
13,0.0,0.0
