,communicate,do not communcate
0,-14.398901275847473,-4.083947968494433
1,-9.806116119146441,-1.7591848968472898
2,-166.24197109048697,-22.023699191284148
3,-10.515681724224633,-0.3895909761772361
4,-136.74894861437198,-134.99636311188456
5,0.0,0.0
6,-32.77730693759662,-69.38989077177645
7,0.0,-2.3746783221964494
8,0.0,2.0568869577820235
9,0.0,-199.99999999999858
10,0.0,0.8453224673157551
11,0.0,-197.80602148689343
12,0.0,0.0
13,0.0,-28.244899058462757
