,do not communcate,communicate
0,15.56758921366898,27.03526938370463
1,12.689769190564046,11.036585044448927
2,-70.91557699305076,-36.29124309200654
3,20.049390924282626,15.092523676023385
4,-4.950200000000001,-4.502638825836465
5,0.0,0.0
6,-66.234349316093,-2.305488541933559
7,47.619819891060075,0.0
8,17.49923615614623,0.0
9,-196.26262172897322,0.0
10,23.627826111655597,0.0
11,-22.723025656774144,0.0
12,0.0,0.0
13,-178.51955885147242,196.9707448981462
