,do not communcate,communicate
0,-23.704147476687062,-20.32595422582941
1,2.0880448380356262,-14.971897833001334
2,-287.60187840602396,-175.23525827708534
3,1.5902357862624337,-14.184254222461144
4,-8.0,-22.856776850000003
5,0.0,0.0
6,-262.5853849687142,-83.11587475162685
7,-10.718873482239923,0.0
8,0.3146580255624629,0.0
9,-782.9639260002951,0.0
10,-0.05364208145753663,0.0
11,-15.92,0.0
12,0.0,0.0
13,-36.97954364645209,0.0
