,do not communcate,communicate
0,17.523765351779325,29.080985565739127
1,-164.78111274086427,71.55621690492089
2,89.09411991219207,67.52201054304172
3,81.43408300515341,32.104924929131286
4,-3.98,4.700323602972256
5,-2.411867685647517,-1.701229526303992
6,-130.5626558435804,63.35836420981178
7,26.439993181690735,0.0
8,-201.2991029431062,0.0
9,113.12361302814641,0.0
10,103.8495620642963,0.0
11,0.0,0.0
12,-9.80199002,0.0
13,0.0,0.0
