,do not communcate,communicate
0,-31.67536551990066,-3.080205643784579
1,-165.33913148949378,-0.9348559493725903
2,16.63500280091019,5.921673440180731
3,21.621246223104468,5.571534694662765
4,-127.40768278925702,-9.452184829087258
5,-49.96517074933929,-70.23178110332992
6,-141.0480919955993,-0.009678174237947701
7,-8.900662837542665,0.0
8,-203.4927828190654,0.0
9,25.914843424450936,0.0
10,28.41498865338986,0.0
11,-41.62923335832066,0.0
12,0.0,0.0
13,0.0,0.0
