,do not communcate,communicate
0,27.15910839393528,11.167848565563382
1,17.62070409588361,4.147275024322547
2,-5.044781415776674,-10.42498449510853
3,19.898725587337193,2.773789293724191
4,-0.39980000000000004,-0.22
5,0.0,0.0
6,-61.82839236470136,-8.956652387573415
7,33.32108056683226,0.0
8,19.617945584087064,0.0
9,-66.63166567254834,0.0
10,24.046809235263087,0.0
11,-0.5994002,0.0
12,0.0,0.0
13,-40.31473383784736,87.92664483329435
