,do not communcate,communicate
0,-5.271461787824069,38.435092360392375
1,-40.82742920916881,63.428833310350186
2,84.67146454206777,29.084661985135323
3,30.004371323746305,0.7369899838821595
4,-0.2,0.659986322509172
5,-0.9200822596373309,-1.0486869749969439
6,-111.75998583523216,66.87457919651479
7,19.0475103692495,0.0
8,-88.01131436005588,0.0
9,95.77560914573891,0.0
10,91.18460019200496,0.0
11,0.0,0.0
12,-2.2189233828944053,0.0
13,0.0,0.0
